image,z1,z2,gt1,gt2,pred1,pred2,error1,error2,car_S1_pose_x,car_S1_pose_y,car_S1_pose_angle,self_pose_x,self_pose_y,self_pose_angle,car_S3_pose_x,car_S3_pose_y,car_S3_pose_angle
image_1755774969287343868.png,82.0,59.0,1348.8889158354434,1244.0505675680097,1042.075776136496,1434.2405831279295,306.81313969894745,190.19001555991986,716.401611328125,-658.5384521484375,-95.34928894042967,265.7539367675781,612.8458251953125,-120.74342346191406,-396.330322265625,-440.3902587890625,-178.14784240722656
image_1755774969322489882.png,85.0,61.0,1356.4560535804494,1214.3272137386375,990.9238447897874,1400.1392955634572,365.532208790662,185.81208182481964,716.622314453125,-681.9735107421875,-96.14447021484376,255.8643341064453,593.8302001953125,-121.31414031982422,-394.2635192871094,-431.8034362792969,-170.17807006835938
image_1755774969355269921.png,79.0,60.0,1362.9859406216533,1184.7813485184595,1093.2277074832048,1417.1899393456933,269.75823313844853,232.40859082723387,715.2045288085938,-705.5109252929688,-96.9638214111328,245.9711761474609,574.1572875976562,-121.87361907958984,-393.2803955078125,-423.3717956542969,-162.1002960205078
image_1755774969420697553.png,76.0,69.0,1375.4501165993759,1131.9188582845998,1144.3796388299136,1263.7341453055672,231.0704777694623,131.8152870209674,713.5616455078125,-747.5625610351562,-98.74225616455078,227.1368103027344,539.004150390625,-123.1419448852539,-394.361083984375,-407.030029296875,-147.04502868652344
image_1755774969454687515.png,89.0,67.0,1382.1791719631542,1104.7512501426982,922.7212696608424,1297.8354328700395,459.4579023023118,193.08418272734139,712.1104125976562,-770.76611328125,-99.52843475341795,217.5465545654297,519.9026489257812,-123.98184204101562,-396.7162780761719,-398.3328857421875,-138.85565185546875
image_1755774969488684088.png,82.0,67.0,1382.5253193138562,1078.4090156242728,1042.075776136496,1297.8354328700395,340.4495431773603,219.42641724576674,710.7203369140625,-786.7070922851562,-100.0812759399414,207.3292388916016,500.9161682128906,-124.74740600585938,-399.82232666015625,-390.3374328613281,-131.05137634277344
image_1755774969522213569.png,87.0,62.0,1379.7072630168311,1056.8912464948132,956.8225572253148,1383.0886517812207,422.88470579151635,326.1974052864075,709.6439208984375,-795.9906005859375,-100.50627136230467,197.67210388183597,485.2107849121094,-125.34200286865234,-403.442626953125,-384.087890625,-124.4088363647461
image_1755774969587328220.png,76.0,56.0,1374.1113942681213,1032.290173134361,1144.3796388299136,1485.3925144746381,229.73175543820776,453.102341340277,708.8160400390625,-803.6458740234375,-100.85491180419922,185.70294189453125,466.9975891113281,-125.96222686767578,-409.0962524414063,-376.7066955566406,-116.3024444580078
image_1755774969655503976.png,88.0,62.0,1363.5763769220578,1009.8931840906367,939.7719134430786,1383.0886517812207,423.8044634789792,373.195467690584,708.5363159179688,-805.4303588867188,-100.89562225341795,174.1928253173828,449.0885009765625,-126.58061981201172,-415.5064392089844,-370.7523498535156,-108.5340576171875
image_1755774969687194554.png,81.0,57.0,1351.5994487850717,989.2106160367373,1059.1264199187324,1468.3418706924022,292.4730288663393,479.13125465566486,708.5471801757812,-805.2302856445312,-100.8353271484375,162.44293212890625,431.1318054199219,-127.13785552978516,-422.8186340332031,-366.3683776855469,-100.868408203125
image_1755774969754058165.png,87.0,70.0,1341.8498531465175,972.6904289166462,956.8225572253148,1246.683501523331,385.0272959212027,273.9930726066848,708.590087890625,-805.1539306640625,-100.87368774414062,152.5834503173828,416.0821838378906,-127.82498168945312,-429.17095947265625,-363.4615783691406,-94.17418670654295
image_1755774969787160406.png,87.0,65.0,1331.9367204345124,956.8225572253151,956.8225572253148,1331.9367204345122,375.1141632091976,375.11416320919705,708.5826416015625,-805.1431884765625,-100.8412857055664,142.88404846191406,400.6928405761719,-128.37144470214844,-435.8971862792969,-361.2268981933594,-87.42989349365234
image_1755774969854424127.png,85.0,61.0,1323.1245512933272,941.204603199378,990.9238447897874,1400.1392955634572,332.2007065035398,458.9346923640792,708.6056518554688,-805.1493530273438,-100.84258270263672,132.5864715576172,386.0099487304688,-128.96017456054688,-439.2168273925781,-361.5909423828125,-84.21472930908203
image_1755774969921554293.png,88.0,64.0,1316.2585610325712,928.4341162515317,939.7719134430786,1348.9873642167483,376.4866475894926,420.55324796521666,708.5927734375,-805.195556640625,-100.87203216552734,123.86920928955078,374.0563049316406,-129.44358825683594,-438.9405822753906,-364.3440246582031,-83.9412841796875
image_1755774969954028647.png,69.0,59.0,1305.712551361841,911.2045288027529,1263.7341453055672,1434.2405831279295,41.9784060562738,523.0360543251767,708.5888671875,-805.1748046875,-100.88573455810548,111.95038604736328,356.2500915527344,-130.16488647460938,-437.2323303222656,-370.8620300292969,-84.4133529663086
image_1755774969989147958.png,94.0,77.0,1297.5001658054584,899.0690141989311,837.4680507496612,1127.3289950476772,460.03211505579725,228.25998084874607,708.5968017578125,-805.1681518554688,-100.87484741210938,101.48358154296876,341.53155517578125,-130.89678955078125,-436.2319946289063,-379.0148010253906,-84.90373229980469
image_1755774970054068869.png,95.0,77.0,1291.0008233851086,890.3795539084144,820.417406967425,1127.3289950476772,470.58341641768357,236.94944113926272,708.5968017578125,-805.1641845703125,-100.85494995117188,93.55387878417967,329.9152526855469,-131.53646850585938,-435.11810302734375,-386.52154541015625,-85.30945587158203
image_1755774970087162777.png,97.0,78.0,1283.3817910413145,880.006109799823,786.3161194029524,1110.278351265441,497.0656716383621,230.27224146561798,708.5936889648438,-805.155517578125,-100.87151336669922,82.87718200683594,315.3567199707031,-132.1692657470703,-432.8131103515625,-397.7171020507813,-85.82190704345703
image_1755774970155227460.png,84.0,68.0,1276.985565960755,871.2153160612291,1007.9744885720236,1280.7847890878033,269.01107738873134,409.5694730265742,708.6006469726562,-805.1552124023438,-100.86801147460938,71.4463119506836,301.5184020996094,-132.81585693359375,-430.7083435058594,-410.4203796386719,-86.41104888916016
image_1755774970220666944.png,106.0,81.0,1270.9895791542083,862.9783197833049,632.8603253628262,1059.1264199187324,638.1292537913821,196.1481001354275,708.6036376953125,-805.1526489257812,-100.84749603271484,59.691184997558594,287.7001037597656,-133.3979034423828,-427.9829711914063,-424.2728576660156,-87.18875885009766
image_1755774970253525667.png,98.0,72.0,1264.0033148474029,854.99590303058,769.2654756207162,1212.5822139588583,494.7378392266867,357.5863109282783,708.6028442382812,-805.1447143554688,-100.86026000976562,46.01620864868164,271.2768249511719,-133.97586059570312,-425.5314636230469,-441.9277648925781,-88.24607849121094
image_1755774970323035235.png,74.0,63.0,1258.1821442029743,848.9827296687974,1178.480926394386,1366.0380079989845,79.70121780858835,517.0552783301871,708.603271484375,-805.148193359375,-100.87781524658205,31.7340030670166,255.45083618164065,-135.01498413085938,-423.1869201660156,-461.360595703125,-89.19942474365234
image_1755774970387639777.png,97.0,73.0,1251.6942000601186,842.9945921526762,786.3161194029524,1195.5315701766222,465.37808065716627,352.53697802394595,708.6012573242188,-805.1458129882812,-100.87649536132812,17.56658363342285,238.50616455078125,-135.63031005859375,-420.4922180175781,-481.7329406738281,-90.33722686767578
image_1755774970420661370.png,98.0,77.0,1247.981556443718,839.1690148100973,769.2654756207162,1127.3289950476772,478.7160808230019,288.1599802375798,708.6981201171875,-805.1880493164062,-100.93637084960938,4.893885612487793,225.40283203125,-136.1215057373047,-418.81103515625,-498.9443054199219,-91.22251892089844
image_1755774970488803812.png,103.0,69.0,1246.2404510220965,834.826590503688,684.012256709535,1263.7341453055672,562.2281943125615,428.9075548018792,712.0458984375,-806.1857299804688,-103.93212890625,-10.312285423278809,209.3505401611328,-136.8033447265625,-417.1411437988281,-519.6389770507812,-92.46758270263672
image_1755774970553704853.png,103.0,73.0,1246.9583086348491,831.9514854315452,684.012256709535,1195.5315701766222,562.9460519253141,363.580084745077,717.6210327148438,-808.0806884765625,-109.06437683105467,-25.52470588684082,193.2381591796875,-137.38851928710938,-416.1694946289063,-541.295654296875,-93.69548034667967
image_1755774970586859057.png,86.0,70.0,1248.9779490398018,830.7061951449108,973.8732010075512,1246.683501523331,275.10474803225065,415.97730637842017,723.2559814453125,-810.362548828125,-114.5017547607422,-37.79440689086914,179.96478271484375,-137.92984008789062,-416.1632385253906,-559.5687255859375,-94.64214324951172
image_1755774970655183739.png,99.0,73.0,1252.4156506278612,830.4283582897341,752.21483183848,1195.5315701766222,500.2008187893812,365.10321188688806,729.6458740234375,-813.4849243164062,-120.67173767089844,-50.17369079589844,166.52854919433594,-138.58241271972656,-416.3374328613281,-578.8139038085938,-95.55657196044922
image_1755774970720101539.png,97.0,76.0,1258.4249194084332,829.5737665648631,786.3161194029524,1144.3796388299136,472.1088000054808,314.8058722650504,737.3961181640625,-818.513671875,-128.5645751953125,-65.61480712890625,150.40672302246094,-139.2314910888672,-416.2245788574219,-601.4346313476562,-96.63711547851562
image_1755774970786528447.png,97.0,75.0,1266.6706018148552,830.0998268226316,786.3161194029524,1161.4302826121498,480.35448241190284,331.33045578951817,744.536865234375,-824.6964111328125,-137.08018493652344,-81.97681427001953,135.1627197265625,-140.09727478027344,-416.3054504394531,-624.6333618164062,-97.69731903076172
image_1755774970821637313.png,97.0,73.0,1276.0805806354208,833.3397194106442,786.3161194029524,1195.5315701766222,489.7644612324684,362.19185076597796,751.32080078125,-832.1592407226562,-145.8969268798828,-97.08367156982422,121.04141998291016,-141.22061157226562,-417.9490966796875,-648.0492553710938,-98.8343276977539
image_1755774970886513373.png,90.0,77.0,1284.1569864938224,842.5704145408666,905.6706258786062,1127.3289950476772,378.4863606152162,284.7585805068105,756.045654296875,-839.3432006835938,-153.3253173828125,-104.45435333251952,113.86134338378906,-141.8333282470703,-419.0338134765625,-667.7809448242188,-99.71714782714844
image_1755774970919782244.png,105.0,80.0,1291.637677116948,854.384951058693,649.9109691450626,1076.1770637009686,641.7267079718854,221.79211264227558,759.6915283203125,-846.9466552734375,-161.06956481933594,-109.79620361328124,108.20724487304688,-142.38882446289062,-421.0090637207031,-687.4812622070312,-100.39762115478516
image_1755774970988379628.png,112.0,79.0,1298.8699478997316,868.1148912168396,530.5564626694088,1093.2277074832048,768.3134852303228,225.11281626636514,762.2405395507812,-855.2244873046875,-168.7610626220703,-113.30306243896484,104.1954116821289,-143.2027587890625,-422.6961669921875,-706.91455078125,-101.11832427978516
image_1755774971020131817.png,89.0,80.0,1305.481335074695,884.3664554669946,922.7212696608424,1076.1770637009686,382.76006541385254,191.810608233974,763.91015625,-863.6190795898438,-176.24258422851562,-114.8468017578125,101.81746673583984,-143.8502655029297,-425.0697326660156,-726.3526611328125,-101.86721801757812
